{"192.168.0.9": [-0.1851529241209827, 0.11994889937727063], "10.0.0.2": [-0.07932704676159479, 0.1045642184808796], "10.0.7.225": [-1.0, -0.13515169713281863], "10.0.0.50": [0.8265928618028269, 0.4559662342473271], "192.168.0.2": [0.08087301002108005, -0.1572458547643346], "10.0.7.127": [0.5093646713431084, -0.9364412895446744], "192.168.0.3": [-0.15235057228443774, 0.5483594893363504]}